text,label,notes
"AMA: Cameron Boozer, AJ Dybantsa, Darryn Peterson, and more prospects from the 2026 NBA Draft Media Circuit joining Monday, June 22nd at 5:00 PM ET",News & Aggregation,"Objective reporting of news, trades, or quotes from insiders."
"[Charania] BREAKING: Trae Young intends to sign a four-year, approximately $212 million deal to stay with the Washington Wizards, with a player option in Year 4, sources tell ESPN. The four-time NBA All-Star declined his $49M player option for a long-term commitment ahead of free agency.",News & Aggregation,"Objective reporting of news, trades, or quotes from insiders."
"[Charania] BREAKING: University of Michigan coach Dusty May has agreed to become the new head coach of the Dallas Mavericks, sources tell me, @AdamSchefter , @PeteThamel . Major college-to-pro jump for the 2026 NCAA championship coach and swing for the Mavericks and Masai Ujiri.",News & Aggregation,"Objective reporting of news, trades, or quotes from insiders."
[Windhorst] The Boston Celtics have firmly put Jaylen Brown on the table and are going all-in on acquiring Giannis Antetokounmpo.,News & Aggregation,"Objective reporting of news, trades, or quotes from insiders."
"[Fischer] Milwaukee’s decision makers are split and currently deciding between Boston’s package for Giannis Antetokounmpo (Brown, Gonzalez, limited draft capital) and Miami’s (Herro, Ware, Jaquez, multiple first-round picks).",News & Aggregation,"Objective reporting of news, trades, or quotes from insiders."
"Bill Russell was the first Black MVP, All-NBA first teamer, head coach and champion coach, and led the NBA's first all-Black starting lineup to a 12-0 record. Yet he declined being the first Black Hall of Famer, believing earlier Black pioneers who didn't get a chance in the pros deserved the honor",Data-Driven Analysis,"Involves statistical tracking, metrics, or objective data points."
"[Chiang] Jaylen Brown is now on the table for Antetokounmpo. The Heat are forced to improve their offer to get a deal done, though sources say they don't want to gut the team and draft capital. Sources have also indicated that Antetokounmpo would likely make a long-term commitment to the Celtics.",News & Aggregation,"Objective reporting of news, trades, or quotes from insiders."
David Stern asks Jim Rome: “Have you stopped beating your wife yet?”,Narrative Debate,Poses a subjective question for discussion.
"Jaylen Brown on Shanghai Sharks: ""Listen y’all, cut the check Shanghai I’m outta here. You write a check $400M… I play for all the teams at the same time. Get ready to learn Mandarin buddy.""",News & Aggregation,Direct quote or interview snippet.
"[Noh] My salary model has Trae Young at $115.1 million in value over the next four years, assuming an average of 70 games played / 34 mpg. That makes his $212 million contract underwater by $97 million. (link to model in post)",Data-Driven Analysis,"Involves statistical tracking, metrics, or objective data points."
"Jaylen Brown: “To all the people that doubted me or want me gone, you’re turning me into a monster.”",News & Aggregation,Direct quote or interview snippet.
"AJ Dybansta on what he brings to the table: ""I'm super versatile, 6’9"" doing it all. Can play 1 through 5. I'm bringing the ball up, throwing lobs. I'm an exciting player, so I fill seats. And I'm just super relatable though, people just relate to me.""",News & Aggregation,Direct quote or interview snippet.
[Charania] The Miami Heat and the Boston Celtics are the only two teams involved in the Giannis Antetokounmpo sweepstakes that have gotten the commitment from him to sign long term.,News & Aggregation,"Objective reporting of news, trades, or quotes from insiders."
"[Stein] If the Bucks indeed choose Boston’s offer over Miami’s, sources say now, Milwaukee ownership’s insistence on getting a bonafide star (Jaylen Brown) back for Giannis would be among the deciding factors … as much as the Bucks want to hold two lottery picks in Tuesday’s draft.",News & Aggregation,"Objective reporting of news, trades, or quotes from insiders."
"[Charania] The Oklahoma City Thunder are finalizing a trade to send guard Aaron Wiggins to the Atlanta Hawks for two second-round picks (Atlanta's in 2030 and the least favorable of Hawks/Lakers in 2032), sources tell ESPN.",News & Aggregation,"Objective reporting of news, trades, or quotes from insiders."
What is your team’s far and away worst decision ever made?,Reactionary / Hot Take,"Features strong subjective opinions, debates on player quality, or polarizing takes."
What happens to Giannis’s brothers after he’s traded,Narrative Debate,Subjective observation or debate.
The Giannis trade saga is overshadowing the fact that this could be our first look at how a rebuild looks with the new draft lottery rules,Narrative Debate,Subjective observation or debate.
[Highlight] When Damian Lillard Hit a Game Winning 3 With 0.9 Seconds Left To Eliminate The Rockets,News & Aggregation,"Objective reporting of news, trades, or quotes from insiders."
"When Anthony Edwards Was Told He’s The 7th Hottest Player of All Time: ""You said what? When you say hot whatchu mean? You talking about basketball?""",Narrative Debate,Poses a subjective question for discussion.
"[Sankofa] Duncan Robinson, Isaiah Stewart, and Ron Holland are candidates to be moved in a potential Tyler Herro trade to Detroit.",Narrative Debate,Subjective observation or debate.
LeBron James Says The Toughest Person He Has Ever Guarded Was 10 Year Old Derrick Tarver,News & Aggregation,Direct quote or interview snippet.
"If Giannis gets traded today, it will happen between 5-10PM based on historical precedent",Narrative Debate,Subjective observation or debate.
"After Aaron Wiggins got traded for two 2nd round picks, I want to educate some of you guys on the Sacramento Kings 2nd round pick situation",Narrative Debate,Subjective observation or debate.
[Stein] The Mavs and Thunder have discussed a trade that would send pick #9 to Oklahoma City for picks #12 and #17,News & Aggregation,"Objective reporting of news, trades, or quotes from insiders."
"[Krawczynski] So far this offseason, the Minnesota Timberwolves have held discussions on and are keeping an eye for each of the following players, though none have culminated in a deal yet: Giannis Antetokounmpo, Kyrie Irving, Trey Murphy III, Josh Giddey, and Derrick White.",Narrative Debate,Subjective observation or debate.
"[Marks] Entering the offseason, Oklahoma City had a projected tax penalty of $213M. The trade reduces that number to $152M.",Narrative Debate,Subjective observation or debate.
"[Keith Smith] If Trae Young's new contract with the Washington Wizards follows the standard 8% raise structure, it will look something like this: 26-27: $47.3M 27-28: $51.1M 28-29: $54.9M 29-30: $58.7M (player option). Roughly $9.7M less than the four-year max Young could have gotten",Narrative Debate,Subjective observation or debate.
’If You Write a Check for $400 Million…’ - Celtics Star Jaylen Brown Teases Move to Chinese Basketball Association,Narrative Debate,Subjective observation or debate.
"[Fischer] Darryn Peterson just told me here at NBA Draft media day that he did meet with the Utah Jazz over this weekend. Peterson declined to say whether that was in-person, but said it was more of a Combine-like interview than an on-court workout.",News & Aggregation,"Objective reporting of news, trades, or quotes from insiders."
Dwyane Wade spins and explodes all over Kendrick Perkins (2011),News & Aggregation,Subjective observation or debate.
"Keaton Wagler on canceling his workout with the Nets: “I already worked out for the Bulls, and I was going to the Clippers. That’s 4 and 5. Hearing from them and knowing where I stood, I knew I didn’t need to work out for [the Nets]. But still meeting with teams and talking to them.""",News & Aggregation,Direct quote or interview snippet.
"In a tie game with 20 seconds left, Collin Sexton calls for the ball but is waved off demonstrably by Isaiah Collier who ends up getting an 8 second violation. This leads to a HEATED exchange on the bench. ""Give me the f***ing ball!""",News & Aggregation,Direct quote or interview snippet.
"Ruben Patterson, who anointed himself as the ""Kobe Stopper"", tries his best to stop a Kobe shot. Patterson raises his arm and is in disbelief after the shot",News & Aggregation,Direct quote or interview snippet.
LeBron James’ Athleticism During His First Cleveland Stint,Narrative Debate,Subjective observation or debate.
New to nba can someone please explain to me the second acorn?,Narrative Debate,Poses a subjective question for discussion.
How each NBA team assembled their current rosters Visualized,Narrative Debate,Subjective observation or debate.
[Windhorst] The LA Clippers have quietly been visiting draft prospects expected to be taken in the late lottery range in the last few days. This could signal a trade of Leonard to Miami (No. 13) or Golden State (No. 11) and LA trading No. 5 to Milwaukee for Jaylen Brown.,News & Aggregation,"Objective reporting of news, trades, or quotes from insiders."
"[Dan Woike] The Lakers remain ""on the clock"" when it comes to building a contender around Dončić…there's an actual threat that he could have a wandering eye if the Lakers can't deliver on the plans they presented last summer.",News & Aggregation,Direct quote or interview snippet.
8 Years Ago Today - 2X MVP Shai Gilgeous-Alexander Was Drafted By The Charlotte Hornets,Narrative Debate,"Focuses on subjective rankings, MVP discussions, or historical hypotheticals."
"Post-Aaron Wiggins trade, the OKC now have two roster slots open. They have three picks in this year's draft.",Narrative Debate,Subjective observation or debate.
Infamous Aaron Wiggins speech after winning the Championship,Narrative Debate,Subjective observation or debate.
"[Stein] One league source, after my story published, told TheSteinLine that the Celtics emerged from the weekend “with a real shot” to win this race with a Jaylen Brown-centric offer … adding that Milwaukee has considered going ahead even without a third-team facilitator.",News & Aggregation,"Objective reporting of news, trades, or quotes from insiders."
14 Years Ago Today - OKC’s Big 3 Played Their Final Game Together,Narrative Debate,Subjective observation or debate.
"[Robbins] In recent weeks, Wizards decision-makers became convinced that, with the NBA’s new anti-tanking measures compelling more teams to compete, Young was going to command maximum-salary contract offers from other franchises through either a straight free-agent signing or a sign-and-trade",Narrative Debate,Subjective observation or debate.
"[ESPN] Gregg Popovich once called Steve Kerr to tell him he'd finally decided to retire. Steve congratulated him on a Hall of Fame career. A week later Pop signed an extension with San Antonio. ""I realized he couldn't do it,"" Kerr said. ""He couldn't walk away...the job itself is so addictive.""",Narrative Debate,"Focuses on subjective rankings, MVP discussions, or historical hypotheticals."
"Durant On Leaving OKC: ""It was a basketball decision but I knocked down the not giving a fuck ladder with that too… I thought that was just a no brainer. I would do that shit a million times.""",News & Aggregation,Direct quote or interview snippet.
"[Charania] Atlanta Hawks guard CJ McCollum has agreed to a one-year, $21 million contract extension with the franchise, plus a trade kicker.",News & Aggregation,"Objective reporting of news, trades, or quotes from insiders."
"Durant On Warriors: ""I didn't have no relationship with nobody on the Warriors… They never been a winning organization when I was in the league. Nobody liked Golden State. It felt like an underdog to me because I'm looking at the totality of the franchise, not what happened these last 5 years""",News & Aggregation,Direct quote or interview snippet.
"[Windhorst] Today, the Boston Celtics are announcing to the world, ""We ain't good enough to beat the Knicks."" Not good enough to beat them last year, not good enough next year. The Boston Celtics are on the verge of cracking their Championship duo because they don't think they can beat the Knicks.",News & Aggregation,"Objective reporting of news, trades, or quotes from insiders."
14 Years Ago Today - Chris Bosh Pours Champange All Over His Face After Winning Championship,Narrative Debate,Subjective observation or debate.
[Jake Madison] The Atlanta Hawks and New Orleans Pelicans have had trade discussions involving the 8th pick and Trey Murphy III,Narrative Debate,Subjective observation or debate.
"After the KD Nets were eliminated back in 2021, Jackie MacMullan claimed that KD's ""genuine goal is to win three championships with Brooklyn"". He ended up winning only 1 playoff series during his time in Brooklyn.",News & Aggregation,Direct quote or interview snippet.
I wanted to find out if the 5 Big East players starting the NBA finals was the most ever for one college conference. So I went back and checked every NBA finals in history. (Spoiler Alert: It was),Narrative Debate,Subjective observation or debate.
Trae young got a max because of the new lottery changes,Narrative Debate,Subjective observation or debate.
That time JR Smith only packed a weeks worth of underwear to stay in the Bubble.,Narrative Debate,Subjective observation or debate.
What if the Bucks had Sold-High on Giannis in 2024?,Narrative Debate,Poses a subjective question for discussion.
Are The Portland TrailBlazers Going Into The Draft on Tuesday With No Head Coach?,Narrative Debate,Poses a subjective question for discussion.
"LeBron tries to fake the behind the back pass, Maurice Evans doesn't bite, but it doesn't really matter anyway",Narrative Debate,Subjective observation or debate.
"[ALLCITY] Marc Stein: “We know the Bucks really want an additional lottery pick. If they do the deal w/ Miami, they’ll have #13. BOS only has #27. When you talk to people around the league, the Bucks have been operating as though they’re going to have at least 2 lottery picks this draft.”",News & Aggregation,Direct quote or interview snippet.
The only way I would tolerate the Aspiration scandal ending,Narrative Debate,Subjective observation or debate.
Jalen Duran will be on a qualifying offer and a restricted free agent this off season,Narrative Debate,Subjective observation or debate.
"This prescient call by Ian Eagle before Game 1, Rd 1 tip-off",Narrative Debate,Subjective observation or debate.
"In the 90’s the #1 seed from each Conference met in the NBA Finals 4 times. Since 2000, this has happened only 3 times.",Narrative Debate,Subjective observation or debate.
Arguably LeBron's best pass ever - an absolute bullet to Big Z for the easy basket (2006),Narrative Debate,Subjective observation or debate.
"Despite Owning the 9th Pick in Tuesday’s Draft, the Dallas Mavericks Have Yet to Hire a Head Coach",Narrative Debate,Subjective observation or debate.
When Russell Westbrook Hit a 40 Foot Game Winner The Same Night He Broke The Triple Double Record - 50 Points 16 Rebounds 10 Assists,Data-Driven Analysis,"Involves statistical tracking, metrics, or objective data points."
nba offseason project (daily nba sports card trivia),Narrative Debate,Subjective observation or debate.
NJ father and son attacked after Knicks championship game in San Antonio,Narrative Debate,Subjective observation or debate.
Bill Walton’s 44 point game at UCLA.,Narrative Debate,Subjective observation or debate.
"[Charania] Free agent guard Jordan Goodwin intends to sign a three-year, $19 million deal to return to the Phoenix Suns, with a player option in the third season, sources tell ESPN.",News & Aggregation,"Objective reporting of news, trades, or quotes from insiders."
Nikola Jokic drops the first 30/20/10 in an NBA finals game against the Heat,Narrative Debate,Subjective observation or debate.
Rank This Decade’s NBA Finals,Narrative Debate,"Focuses on subjective rankings, MVP discussions, or historical hypotheticals."
"[Bill Simmons Pod] Bill: ""I don't want the Celtics to trade Jaylen Brown for Giannis""",News & Aggregation,Direct quote or interview snippet.
"Charles Oakley: ""Patrick (Ewing) always been like that. He never stood up for nobody. And the coldest thing out of this all, I took a case for Patrick on an airplane. Put that out there. I took a case from him. Ask any teammate, Chris Childs, Charles, Allen, John, they might not say nothing""",News & Aggregation,Direct quote or interview snippet.
So all these wild swinging trade rumors are just prediction market manipulation right?,Narrative Debate,Poses a subjective question for discussion.
"Charles Oakley: ""I was supposed to be on the Roommate podcast. I get a call the day before. They said, we have to cancel you. And then three weeks later, guess who was on there? Dolan.""",Narrative Debate,Poses a subjective question for discussion.
"Since 1989 (when all-nba third team was added), there are 5 teams in nba history that have had 3 all nba players on them that year.",Narrative Debate,Subjective observation or debate.
Who will be the Knicks Opponent on Opening Night: Ranked,Narrative Debate,Subjective observation or debate.
"On the inside of Nikola Jokic's new Joker 2 GT ""G-015"" is a cartoon of Jokic from when he 'raced' a bullet train in China",News & Aggregation,Direct quote or interview snippet.
14 years ago LeBron won his first championship.,Narrative Debate,Subjective observation or debate.
"Rudy Gobert reflects on his matchup with Victor Wembanyama and gives him his flowers: “My goal was to impact him physically. I know Victor well so I thought that over the course of a game or a series I could really wear him down over time, physically.",News & Aggregation,Direct quote or interview snippet.
"Kevin Garnett Speaks on Wemby: ""I would love to work with big fella, but this generation has a preference on how they want to workout, and I have to respect that.""",News & Aggregation,Direct quote or interview snippet.
Stating The Obvious: Situation and Opportunity Can Make a Star,Narrative Debate,Subjective observation or debate.
"[Highlight] Maurice Evans intercepts the inbound pass by Cheikh Samb and finishes with a monster reverse poster dunk on him at the Palace, in a pre-season game. 10/23/08.",News & Aggregation,"Objective reporting of news, trades, or quotes from insiders."
Og Anunoby’s First Move After Winning The Nba Championship Was Handpicking Five Shelter Cats In New York City For Adoption - Three Have Already Found Homes Within Days,Narrative Debate,Subjective observation or debate.
"AJ Dybantsa says he didn't work out for any NBA teams: “I didn’t work out for none, I just visited the cities. Take me to the facility, take me to dinner, talk. I don’t gotta workout. They know what I can do.”",News & Aggregation,Direct quote or interview snippet.
Jared McCain Mistaken For Dylan Harper in Public Today,Narrative Debate,Subjective observation or debate.
"Amateur Scouting Accuracy, League History",Narrative Debate,Subjective observation or debate.
"What is an overlooked aspect of the game that you feel like modern stars lack compared to the stars of the past, and vice versa?",Narrative Debate,Poses a subjective question for discussion.
LeBron James Turns Glass Bottle Into Bazooka At Reunion,Narrative Debate,Subjective observation or debate.
"presumptive top 4 picks (AJ Dybantsa, Darryn Peterson, Cam Boozer, Caleb Wilson) averaged a combined 88.0 points in college. That'd be the highest sum in the entire 2000s",Data-Driven Analysis,"Involves statistical tracking, metrics, or objective data points."
"Paolo Banchero & Cade Cunningham's HISTORIC 45-PT Game 5 Battle | April 29, 2026",Narrative Debate,Subjective observation or debate.
[Fischer] The Los Angeles Lakers have called the OKC Thunder to inquire about Lu Dort. The Thunder may pick up Dort’s player option and seek to trade him in order to acquire assets.,News & Aggregation,"Objective reporting of news, trades, or quotes from insiders."
Top 10 highest paid players next season,Narrative Debate,"Focuses on subjective rankings, MVP discussions, or historical hypotheticals."
LeBron Punishes Jusuf Nurkic,Narrative Debate,Subjective observation or debate.
Kawhi Leonard: “You see the drip…I’m always fresh if the Feds watching that’s what 2 chainz said”,News & Aggregation,Direct quote or interview snippet.
[Afseth] Wizards plan to draft AJ Dybantsa at No. 1,Narrative Debate,Subjective observation or debate.
Lance Stephenson just started throwing punches at everybody and the refs had to call the game before this Michael Beasley and Dwight Howard got ejected. All of this is on the first day of The Big 3 season,Narrative Debate,Subjective observation or debate.
"Karl Anthony Towns to Jalen Brunson: ""I want to make sure I amplify you to a whole other level that you havent even recognized for yourself. I want to be that partner in crime that you haven't had, and I want to make sure that every step of the way, anytime you go anywhere, you're never alone.""",News & Aggregation,Direct quote or interview snippet.
Screen assist leaders last season: 1: Jusuf Nurkic (4.3) 2: Damantas Sabonis (4.1) 3: Rudy Gobert (4.0),Narrative Debate,Subjective observation or debate.
Jalen Brunson won 7 trophies this year,Narrative Debate,Subjective observation or debate.
"[Bill Simmons Pod] Doc Rivers on James Harden: ""James doesn't give everybody else enough room to be great, he is the only one that can be great on his team.""",News & Aggregation,Direct quote or interview snippet.
"AJ Dybantsa being from the Boston area: ""This is my last year being a Celtics fan""",News & Aggregation,Direct quote or interview snippet.
r/nba player rankings 2026,Narrative Debate,"Focuses on subjective rankings, MVP discussions, or historical hypotheticals."
"Kobe Bryant puts up an absurd 45 points on 20-26 shooting in December 2000. Kobe has the ball in clutch time in a 1 point game and the opposing announcer has a panic attack when Kobe gets the ball. ""HE'S GOING TO NEED HELP, PLEASE HELP""",News & Aggregation,Direct quote or interview snippet.
[Amick] The New Orleans Pelicans and Minnesota Timberwolves both have interest in trading for Memphis Grizzlies point guard Ja Morant.,Narrative Debate,Subjective observation or debate.
[Club 520] reacts to Jordan’s highlights vs the Knicks in comparison to Curry/Bron and start clowning the low level of play/competition,Narrative Debate,Subjective observation or debate.
The Big 3 Season Opener Ended In A Forfeit After Michael Beasley and Lance Stephenson Were Ejected - Leaving Miami 305 Without Enough Players,Narrative Debate,Subjective observation or debate.
"[Charania] Free agent guard Collin Gillespie intends to sign a four-year, $48 million deal to return to the Phoenix Suns, sources tell ESPN. Gillespie spent three straight seasons on two-way contracts after going undrafted out of Villanova in 2022 and now earns a lucrative long-term deal.",News & Aggregation,"Objective reporting of news, trades, or quotes from insiders."
"[Scotto] The LA Clippers are interested in Jaylen Brown and have future first-round draft picks and first-round picks from Indiana, including the fifth pick in the draft, as potential trade chips.",Narrative Debate,Subjective observation or debate.
[JR Smith] on Instagram: “He reached out! We GOOD! God Bless the young GAWD!Greatest PG I’ve played with”,Narrative Debate,"Focuses on subjective rankings, MVP discussions, or historical hypotheticals."
Anthony Davis gets two bad calls in under 15 seconds. AD goes berserk and rushes at the ref. Demarcus Cousins has to stop him from first-degree murder,Narrative Debate,Subjective observation or debate.
[Lowlight] 5 years ago Ben Simmons passes up a wide open dunk.,Narrative Debate,Subjective observation or debate.
"Jimmy Butler sends Giannis & the Bucks packing with a clutch 42-point game 5, 2023 playoffs rd 1",Narrative Debate,Subjective observation or debate.
How Knicks' OG Anunoby is helping NYC shelter cats find their forever homes,Narrative Debate,Subjective observation or debate.
Rookie Chris Paul beats the buzzer as he showcases his bag,Narrative Debate,Subjective observation or debate.
"Introducing The Brick Awards: celebrating the NBA’s worst, ugliest, and most embarrassing moments of the year. Drop your nominees.",Reactionary / Hot Take,"Features strong subjective opinions, debates on player quality, or polarizing takes."
Alperen Sengun vs Paolo Banchero: Who’s the better player right now?,Narrative Debate,Poses a subjective question for discussion.
Jose Alvarado on Victor Wembanyama not shaking hands with the Knicks: “I got mixed emotions… the way he did it was a little too crazy for me because I loved how he competed during the game.”,News & Aggregation,Direct quote or interview snippet.
"Interviewer: ""Jaxson Hayes got Slovenian citizenship, what is your view about that. You probably care about those things."" Luka: ""Yes... I basically had nothing to do with that, so, I'm only playing for national team. But yes, boy is really okay. Good player, so it's amazing.""",News & Aggregation,Direct quote or interview snippet.
The Lakers have been linked to Thunder guard Lu Dort as a potential trade target to pair with Luka Doncic,Narrative Debate,Subjective observation or debate.
"When the NBA was formed via merger in 1949, eight of nine NBL teams entered the new NBA. The ninth, the all-Black, Black-owned Dayton Rens, was excluded. After inheriting the NBL’s worst record midseason, the Rens had a playoff-caliber mark, but the NBA cited the inherited record to disqualify them",Data-Driven Analysis,"Involves statistical tracking, metrics, or objective data points."
The 2018 draft is the 6th draft class in history to produce multiple Finals MVPs,Narrative Debate,Subjective observation or debate.
2009 Western Conference Semi-Finals. Series tied 1-1 going into a pivotal game 3. Ron Artest is trying to get into Kobe's head. Kobe hits a ridiculous shot at the end of the 3rd quarter to silence Artest. Lakers win the series in 7 and end up winning a ring,Narrative Debate,Subjective observation or debate.
Josh Hart says the Spurs not giving them credit for their wins throughout the Finals fueled them even more,News & Aggregation,Direct quote or interview snippet.
[Fischer] The Dallas Mavericks are showing interest in moving back in the draft with both the New Orleans Pelicans and Memphis Grizzlies have a known desire to acquire a top-10 pick.,News & Aggregation,"Objective reporting of news, trades, or quotes from insiders."
"[Fischer] I've also heard that Atlanta sees great value in Swain at No. 23, but the Hawks have been signaling for some time that they are prepared (and perhaps even prefer) to trade their second pick in the first round after No. 8 for future draft capital.",News & Aggregation,"Objective reporting of news, trades, or quotes from insiders."
"13 Years Ago Today, the Heat Went Back to Back. Watch LeBron Guard Every Position on the Floor.",Narrative Debate,Subjective observation or debate.
"[Former Laker Head Athletic Trainer Gary Vitti] “I love Shaq, I absolutely adore him… but you had to be looking over your shoulder all the time. All the time.”",News & Aggregation,Direct quote or interview snippet.
[Scotto] Toronto Raptors swingman RJ Barrett has drawn trade interest in multi-team conversations,Narrative Debate,Subjective observation or debate.
"This past season, future Hall of Famer and 40-year-old Kyle Lowry averaged 1.2 points and 0.8 assists on 16% shooting. What is the worst that a future NBA hall of famer has ever been at any point in their careers?",Data-Driven Analysis,"Involves statistical tracking, metrics, or objective data points."
20 years ago the Miami Heat won their first title in their franchise history.,Narrative Debate,Subjective observation or debate.
Beasley and Dwight Ejected After Scuffle In Big 3,Narrative Debate,Subjective observation or debate.
Is this the worst time ever to be starting a rebuild?,Reactionary / Hot Take,"Features strong subjective opinions, debates on player quality, or polarizing takes."
Why isn't Atlanta making a move for Giannis?,Narrative Debate,Poses a subjective question for discussion.
"[Scotto] With the Denver Nuggets currently projected to be near the second apron, they’ve signaled a willingness to discuss forward Zeke Nnaji and the No. 26 pick as a trade package",Data-Driven Analysis,"References statistics, models, salary cap math, or film breakdown."
[Highlight] Every Georges Niang field goal to extend the lead to 26 points,News & Aggregation,"Objective reporting of news, trades, or quotes from insiders."
LeBron James plays near perfect defense on Kobe Bryant (2009),Narrative Debate,Subjective observation or debate.
"On a scale of one to ten, how damaging would it be to the NBA landscape to eliminate salary caps and only have a team salary minimum?",Narrative Debate,Poses a subjective question for discussion.
"Bobby Marks: ""I'm still of the belief it's Miami because when you look at Giannis, it's the superstar checklist of 3 things [that Buck want]: Draft Capital, Young Players On Controllable Contracts, Win NOW Players. I do think that Miami right now has the best package out there""",News & Aggregation,Direct quote or interview snippet.
[Helin] Boston has its eyes on Trey Murphy III and may try to make a deal for the New Orleans two-way wing. The Celtics could throw a couple of first-round picks in a deal.,Narrative Debate,Subjective observation or debate.
"[Fischer] Collin Gillespie’s four-year, $48 million deal to return to Phoenix is fully guaranteed, sources say.",News & Aggregation,"Objective reporting of news, trades, or quotes from insiders."
Random goalkeeper in WC game had a good game and went from 50k to 14.5 million followers. Wemby has 6.2 million. Does this show how basketball is not as global as some here think it is?,Narrative Debate,Poses a subjective question for discussion.
[Scotto] The Brooklyn Nets have attempted to move up into the top-four range of the NBA Draft by dangling their No. 6 pick with future first-round draft picks.,Narrative Debate,Subjective observation or debate.
"SAS “ I got the Knicks and Thunder in next years finals, if Chet can do a push up”",News & Aggregation,Direct quote or interview snippet.
Can we get refcams like they have in the World Cup?,Narrative Debate,Poses a subjective question for discussion.
What are some of the best single game playoff duels OAT?,Narrative Debate,Poses a subjective question for discussion.
13 Years Ago Today - Miami Heat Win Back-To-Back Championships Beating Spurs in Game 7,Narrative Debate,Subjective observation or debate.
"Josh Hart on the Spurs beating OKC: ""You see that reaction because they think they gonna win it""",News & Aggregation,Direct quote or interview snippet.
"[Scotto] Timberwolves intel: Ayo Dosunmu’s free agency market, Josh Giddey, more",Narrative Debate,Subjective observation or debate.
"Jared McCain: “I was gonna ask for Wemby’s jersey, but since he had a hit out on me, I can’t.”",News & Aggregation,Direct quote or interview snippet.
"Bobby Marks on Anthony Davis: “Two months from now there is gonna be a decision on Anthony Davis, who is extension eligible starting August 6th.”",News & Aggregation,Direct quote or interview snippet.
[Scotto] The Utah Jazz has expressed interest in re-signing center Jusuf Nurkic,Narrative Debate,Subjective observation or debate.
"Kyrie Irving on Instagram: “All for one. One for All WE completed the mission together as brothers, and that’s all that matters to me.”",News & Aggregation,Direct quote or interview snippet.
"[Highlights] All the 142 threes Miles ""Deuce"" McBride scored in the 2025-26 season, including playoffs. 60 games played. He went 142/351 from 3 (40.5%).",News & Aggregation,Direct quote or interview snippet.
Knicks fan dumped trash from a public garbage can painted in team colors onto the sidewalk… & stole the trash can…,Reactionary / Hot Take,"Features strong subjective opinions, debates on player quality, or polarizing takes."
Where will LeBron James rank all time if his career was reversed,Narrative Debate,"Focuses on subjective rankings, MVP discussions, or historical hypotheticals."
[Smith] By my projections Suns will be roughly $4.6M under the tax and $12.6M under the first apron after re-signing Collin Gillespie. Can create more room if they move on from Haywood Highsmith and/or Jamaree Bouyea.,Data-Driven Analysis,"References statistics, models, salary cap math, or film breakdown."
"There are 9 teams in NBA history that have had 4 All-stars on them, the Celtics have 3 of them.",Narrative Debate,Subjective observation or debate.
How likely the Knicks can repeat 2026-27?,Narrative Debate,Poses a subjective question for discussion.
"In the first Knicks Championship parade in over 53 years, James Dolan and NYC politicians got 13 minutes of podium mic time. All Knicks players combined got 2 minutes of podium mic time, including 0 minutes for KAT, OG, and Alvarado",Narrative Debate,Subjective observation or debate.
"HOOPS vs SOCCER, an examination of the importance of individual talent vs team play.",Narrative Debate,Subjective observation or debate.
Who is a random role player that has affected your life permanently?,Narrative Debate,Poses a subjective question for discussion.
[Hine] Wolves potentially looking to move up in the first round. Set to host Alabama guard Labaron Philon Jr. for an individual workout.,Narrative Debate,Subjective observation or debate.
10 years ago I touched the Larry Obrien over Lebron James,Narrative Debate,Subjective observation or debate.
Why don’t the Nuggets consider blowing it up?,Narrative Debate,Poses a subjective question for discussion.
Since 2009 only one player drafted in an even-numbered position got Finals MVP,Narrative Debate,"Focuses on subjective rankings, MVP discussions, or historical hypotheticals."
"JR Smith Says 2016 Cavs Would Beat 2026 Knicks: ""Who’s guarding LeBron James?""",Narrative Debate,Poses a subjective question for discussion.
When Russell Westbrook Challenged Reporters To Make Their Criticisms In Front of Him,Narrative Debate,Subjective observation or debate.
"Kobe & Shaq post-game interview after going up 2-0 on the Spurs in 2001. At this point, the Lakers haven't lost a game in 7 weeks",News & Aggregation,Direct quote or interview snippet.
"[ALLCITY] Marc Stein: “[No.13] is a pretty damn good pick. Kel’el Ware is an on the rise prospect. Tyler Herro, by all accounts, is going to have a trade market to increase [the Bucks] haul of future assets…The Miami offer to this point is the one we know that can check multiple boxes.”",News & Aggregation,Direct quote or interview snippet.
[Fischer] The Boston Celtics inquired about Rudy Gobert at the trade deadline. The Minnesota Timberwolves are interested in Derrick White.,News & Aggregation,"Objective reporting of news, trades, or quotes from insiders."
[Highlights] 2025-2026 Luka Doncic,Narrative Debate,Subjective observation or debate.
"Lebron after the Cavs win game 6 of the 2016 finals: 'They f*cked up. Mentally and physically. I'm telling you, they f*cked up.'",Narrative Debate,Subjective observation or debate.
"[Stein] The Mavericks are actively exploring trade options, league sources say, while also preparing for Nos. 9 and 30 in Tuesday's draft and progressing toward in a conclusion in their coaching search.",News & Aggregation,"Objective reporting of news, trades, or quotes from insiders."
"Jalen Brunson (jokingly): ""I'm not a fan of Luka. He's actually, he's one one of the worst teammates I've ever had."" Kid Reporter: ""That's crazy. He doesn't play defense."" Jalen Brunson: ""Oh, wow. He plays a little defense. He tries.",Reactionary / Hot Take,"Features strong subjective opinions, debates on player quality, or polarizing takes."
10 Years Ago Today - LeBron James Fell On His Knees In Tears After Coming Back 3-1 To Win Championship,Narrative Debate,Subjective observation or debate.
Mandani's Championship Parade Speech Edit,Narrative Debate,Subjective observation or debate.
"Multiple NBA big men are reportedly trying to find a way to play alongside Wemby on the Spurs, per @mikecwright (h/t @TheNBABase)",Narrative Debate,Subjective observation or debate.
"Rewatching Game 7 of the 2016 Finals is crazy. There is no flailing, head snapping, falling down after every shot, jumping sideways, etc. They’re playing actually basketball down the stretch",Narrative Debate,Subjective observation or debate.
Is Tatum + Giannis the next MJ+ pippen?,Narrative Debate,Poses a subjective question for discussion.
"[Highlight] The Stop. Ten years ago today, Kevin Love played the defense of his life on Stephen Curry.",News & Aggregation,"Objective reporting of news, trades, or quotes from insiders."
"[First Take] “Imagine every woman you date. When your done dating her. The next dude she dates, she marries. That’s the Minnesota Timberwolves.”",News & Aggregation,Direct quote or interview snippet.
The 2016 Cavs team re-unite on their 10th year anniversary,Narrative Debate,Subjective observation or debate.
Michael Beasley on playing Dwight Howard: “Do it to him with no condom. Real raw.”,News & Aggregation,Direct quote or interview snippet.
"[Marquez] Spurs’ deep playoff run generated $36.2M in economic impact, Visit San Antonio says",News & Aggregation,Direct quote or interview snippet.
"Knicks legend Carmelo Anthony at the Knicks parade: ""I like to say we all won. The whole city won. Every player who ever came through here, like, this was the buildup for this moment.""",News & Aggregation,Direct quote or interview snippet.
How would you rate a Warrior team with a healthy Kawhi and Porzingis next year?,Narrative Debate,Poses a subjective question for discussion.
When Jordan Air Balled a 3 At His Own Basketball Camp,Narrative Debate,Subjective observation or debate.
[Fischer] Per source: D’Angelo Russell has opted in to his 2026-27 player option with the Wizards worth $6 million.,News & Aggregation,"Objective reporting of news, trades, or quotes from insiders."
"[Charania] Memphis Grizzlies guard Kentavious Caldwell-Pope is exercising his $21.6 million player option for the 2026-27 season, sources tell ESPN.",News & Aggregation,"Objective reporting of news, trades, or quotes from insiders."
[Fischer] The Minnesota Timberwolves circled back with the Milwaukee Bucks this week on Giannis Antetokounmpo and they were asking for even more now than they were at the deadline. Their requests have been described as “unrealistic.”,News & Aggregation,"Objective reporting of news, trades, or quotes from insiders."
What star players would be worse in today's era?,Reactionary / Hot Take,"Features strong subjective opinions, debates on player quality, or polarizing takes."
[Wright] The Spurs remain committed to De'Aaron Fox as their starting point guard for the 2026-27 season despite the expectation that calls from Dylan Harper's camp for a spot in the starting lineup will grow louder going into next season.,Narrative Debate,Subjective observation or debate.
Stephen Curry's Best Career Steals before 2022,Reactionary / Hot Take,"Features strong subjective opinions, debates on player quality, or polarizing takes."
10 Years Ago Today - Draymond Green Waited On His Home Floor To Congratulate LeBron For Winning The Championship,Narrative Debate,Subjective observation or debate.
"[Fischer] League sources say that the Pistons' Isaiah Stewart is not merely available but outright bracing for a trade. Tobias Harris, by contrast, is a player Detroit is determined to retain. Sources say that the Bucks, Celtics, Spurs, and Heat are teams interested in Stewart.",News & Aggregation,"Objective reporting of news, trades, or quotes from insiders."
"Lost in the Knicks winning the NBA Championship last week: Jalen Brunson (2,240) has passed Kyrie Irving (2,211) in total career playoff points. He is just 30 away from passing Giannis Antetokounmpo (2,270)",Data-Driven Analysis,"Involves statistical tracking, metrics, or objective data points."
"[Highlight] 10 years ago on this date, the Cleveland Cavaliers come back down 3-1 to win their first NBA Championship",News & Aggregation,"Objective reporting of news, trades, or quotes from insiders."
